Entry,Gene_name,Helix_seq,Helix_loc
Q9UH99,SUN2,LRSAVSRAGSLLWMVA,"(155, 170)"
Q9UH99,SUN2,PGRLFRLLYWWAGTTWYRLTTAASLLDVFVL,"(173, 203)"
Q9UH99,SUN2,LKTFLWFLLPLLLLTCLTYGAWYF,"(210, 233)"
Q9UH99,SUN2,PALVSWWA,"(243, 250)"
Q9UH99,SUN2,PHFQAEQRVMSRVHSLERRLEALAAEFSSNWQKEAMRLERLE,"(268, 309)"
Q9UH99,SUN2,HEDTLALLEGLVSRREAALKEDFRRETAARIQEELSALRAEHQQDSEDLFKKIVRASQESEARIQQLKSEWQSMTQESFQESSVKELRRLEDQLAGLQQELAALALKQSSVAEEV,"(325, 439)"
Q9UH99,SUN2,PQQIQAVRDDVESQ,"(443, 456)"
Q9UH99,SUN2,PAWISQFLA,"(458, 466)"
Q9UH99,SUN2,LLQREEMQAQLRELESKILTHVAEMQ,"(475, 500)"
Q9UH99,SUN2,AREAAASLSLTLQK,"(504, 517)"
Q9UH99,SUN2,EEQVHHIVKQALQRYSE,"(525, 541)"
Q9UH99,SUN2,LADYALE,"(546, 552)"
Q9UH99,SUN2,TKTALLSLF,"(569, 577)"
Q8N6T3,ARFGAP1,MDKWKDIELEKMK,"(64, 76)"
Q8N6T3,ARFGAP1,AKFREFLE,"(81, 88)"
Q8N6T3,ARFGAP1,CWSLQEKYNSRAAALFRDKVVALA,"(96, 119)"
Q8N6T3,ARFGAP1,SQASQKASEL,"(234, 243)"
Q8N6T3,ARFGAP1,AQEKVK,"(255, 260)"
Q8N6T3,ARFGAP1,VSQLAS,"(272, 277)"
Q15643,GMAP-210,GSLASLTGQISNFTKDML,"(21, 38)"
Q15643,GMAP-210,RTKEIEAIHAILRSENERLKKLCTDLEEKHEASEIQIKQQSTSYRNQLQQKEVEISHLKARQIALQDQLLKLQSA,"(53, 127)"
Q15643,GMAP-210,FGDIISSQQEINRLSNEVSRLESEVGHWRHIAQT,"(164, 197)"
Q15643,GMAP-210,QSEICKLQNIIKELKQNRSQEIDDHQHEMSVLQNAHQQKLTEISRRHREELSDYEERIEELENLLQ,"(208, 273)"
Q15643,GMAP-210,IETDLSKIYEMQKTIQVLQIEKVESTKKMEQLEDKIKDINKKLSSAENDRDILRREQEQLNVEKRQIMEECENLKLECSKL,"(280, 360)"
Q15643,GMAP-210,EKERILAQS,"(373, 381)"
Q15643,GMAP-210,VEEVFRLQQALSDAENEIMRLSSLNQ,"(384, 409)"
Q15643,GMAP-210,SLAEDNLKLKMRIEVLEKEKSLLSQEKEELQMSLLKLNNEYEVIKSTATRDISLDSELHDLRLNLEAKEQELNQSISEKETLIAEIEELDRQNQEATKHMILIKDQLSKQQNEGDSIISKLKQDLNDEKKRVHQLEDDKMDITKELDVQKEKLIQSEVALNDLHLTKQKLEDKVENLVDQLNKSQESNVSIQKENLELKEHIRQNEEELSRIRNELMQSLN,"(412, 632)"
Q15643,GMAP-210,NFKDTLLKEREAEVRNLKQNLSELEQLNENLKKVAFDVKMENEKLVLACEDVRHQLEECLAGNNQLSLEKNTIVETLKMEKGEIEAELCWAKKRLLEEANKYEKTIEELSNARNL,"(638, 752)"
Q15643,GMAP-210,TSALQLEHEHLIKLNQKKDMEIAELKKNIEQMDTDHKETKDVLSSSLEEQKQLTQLINKKEIFIEKLKERSSKLQEELDKYSQALRKNEILRQTIEEKDRSLGSMKEENNHLQEELERLREEQS,"(754, 877)"
Q15643,GMAP-210,PKTLDSVTELASEVSQLNTIKEHLEEEIKHHQKIIEDQNQSKMQLLQSLQEQKKEMDEFRYQHEQMNATHTQLFLEKDEEIKSLQKTIEQIKTQLHEERQDIQT,"(885, 988)"
Q15643,GMAP-210,DIFQETKVQS,"(992, 1001)"
Q15643,GMAP-210,KAETERLVKGIKERELEIKLLNEKNISLTKQIDQL,"(1015, 1049)"
Q15643,GMAP-210,KDEVGKLTQIIQQKDLEIQALHARIS,"(1051, 1076)"
Q15643,GMAP-210,TQDVVYLQQQLQAYAMEREKVFAVLNEKTRENSHLKTEYHKMMDIVAAKEAALIKLQDENKKLSTRFESSGQDMFRETIQNLSRIIREKDIEIDALSQKCQTLLAVLQT,"(1081, 1189)"
Q15643,GMAP-210,SNQFEELLQERDKLKQQVKKMEEWKQQVMTTVQNMQHESAQLQEELHQLQAQVLVDSDNNSKLQVDYTGLIQSYEQNETKLKNFGQELAQVQHSIGQLCNTKDLLLGKLDII,"(1201, 1312)"
Q15643,GMAP-210,PQSAECLRASKSEVLSESSELLQQELEELRKSLQEKDATIRTLQENNHRLSDSIAATSELERKEHEQTDSEIKQLKEKQDVLQKLLKEKDLLIKAKSDQLLS,"(1324, 1425)"
Q15643,GMAP-210,ENFTNKVNENELLRQAVTNLKERILILEMDIGKLKGENEKIVETYRGKETEYQALQETNMKFSMMLREKEFECHSMKEKALAFEQLLKEKEQ,"(1428, 1519)"
Q15643,GMAP-210,TGELNQLLNAVKSMQEKTVVFQQERDQVMLALKQKQMENTALQNEVQRLRDKEFRSNQELERLRNHLLE,"(1522, 1590)"
Q15643,GMAP-210,EDSYTREALAAEDREAKLRKKVTVLEEKLVSSSNAMENASHQASVQVESLQEQLNVVSKQRDETALQLSV,"(1592, 1661)"
Q15643,GMAP-210,QEQVKQYALSLANLQMVLEHFQQEEKAMYSAELEKQKQLIAEWKKNAENLEGKVISLQECLDEANAALDSASRLTEQLDVKEEQIEELKRQNELRQEMLDDVQKKLMSLA,"(1663, 1772)"
Q15643,GMAP-210,KVLMRNLFI,"(1781, 1789)"
Q15643,GMAP-210,KNQRHEVLRLMGSIL,"(1796, 1810)"
Q15643,GMAP-210,REEMEQLF,"(1814, 1821)"
Q15643,GMAP-210,FSELFVKFL,"(1860, 1868)"
Q15643,GMAP-210,VLKDLLKQ,"(1972, 1979)"
P20606,Sar1p,IFGWFRDVLAS,"(6, 16)"
P20606,Sar1p,KTTLLHMLK,"(36, 44)"
P20606,Sar1p,GHIQARRLWKDY,"(76, 87)"
P20606,Sar1p,PERFDEARVELDALFNIAEL,"(103, 122)"
P20606,Sar1p,EAELRSALGLLN,"(142, 153)"
P20606,Sar1p,YLEAFQWLSQ,"(179, 188)"
Q14534,SQLE,IATFTYFYKKFGDFIT,"(7, 22)"
Q14534,SQLE,REVLLCVLVFLSLGLVLSYRC,"(26, 46)"
Q14534,SQLE,ALFSDIL,"(64, 70)"
Q14534,SQLE,QLEARR,"(92, 97)"
Q14534,SQLE,VLGSALAAVL,"(133, 142)"
Q14534,SQLE,DRIVGEF,"(160, 166)"
Q14534,SQLE,HGRFIMSLRKAAM,"(226, 238)"
Q14534,SQLE,LFSKFRKSLV,"(287, 296)"
Q14534,SQLE,SHFVGFLMK,"(304, 312)"
Q14534,SQLE,RNLREYMVEKI,"(354, 364)"
Q14534,SQLE,VAFKDIKLWRKLL,"(423, 435)"
Q14534,SQLE,AAIFEAKKSFYWARK,"(445, 459)"
Q14534,SQLE,HSFVVNILAQALYELFS,"(462, 478)"
Q14534,SQLE,SLHQLRKACFLYFKLGGECV,"(483, 502)"
Q14534,SQLE,VGLLSV,"(506, 511)"
Q14534,SQLE,PLVLIGHFFAVAIYAVYFCFK,"(516, 536)"
Q14534,SQLE,RALLSSGAVLYKACSVIFPLIYSEMKYMVH,"(545, 574)"
P49585,PCYT1,SGHARALMQAKNL,"(90, 102)"
P49585,PCYT1,ENERYDAVQHCRYVDEVVR,"(129, 147)"
P49585,PCYT1,PEFLAE,"(155, 160)"
P49585,PCYT1,DDVYKHIKE,"(179, 187)"
P49585,PCYT1,TSDIITRIVRDYDVYARRNLQ,"(202, 222)"
P49585,PCYT1,VSFINEKKYHLQERVDKVKKKVKDVEEKSKEFVQKVEEKSIDLIQKWEEKSREFIGSFLEMF,"(232, 293)"
P49585,PCYT1,EGALKHMLKE,"(296, 305)"
P37840,SNCA,FMKGLSKAKEGVVAAAEKTKQGVAEA,"(4, 29)"
P37840,SNCA,KEQVTNVGGAVVT,"(60, 72)"
P37840,SNCA,AGSIAAAT,"(85, 92)"
P02647,APOA1,PWDRVKDLATVYVDVLKDS,"(31, 49)"
P02647,APOA1,RDYVSQF,"(51, 57)"
P02647,APOA1,ALGKQLNLKLLDNWDSVTSTFSKLREQLGPVTQEFWDNLEKETEGLRQEMSKDLEEVKAKVQPYLDDFQKKWQEEMELYRQKVEPLRAELQEGARQKLHELQEKLSPLGEEMRDRARAHVDALRTHLAPYSDELRQRLAARLEALKE,"(61, 207)"
P02647,APOA1,GARLAEYHAKATEHLSTLSEKAKPALEDLRQ,"(210, 240)"
P02647,APOA1,LLPVLESFKVSFLSALEEYTKKL,"(242, 264)"
P32567,PAH1,VEERKLVEQRTKNFQQKLNKK,"(181, 201)"
P32567,PAH1,IQLKQLLK,"(236, 243)"
P32567,PAH1,NDQLKC,"(355, 360)"
P32567,PAH1,KSDALGHVLAMI,"(405, 416)"
P32567,PAH1,WTHLGVAKLFSEISR,"(420, 434)"
P32567,PAH1,DSTRSYLRSIEQ,"(451, 462)"
P32567,PAH1,TMAALRREVIL,"(479, 489)"
P32567,PAH1,RITDALS,"(531, 537)"
P32567,PAH1,MELLEL,"(559, 564)"
Q12164,POM33,LVQRFMAVAKSLQFAWFTGHSVVLISSILYLLKM,"(21, 54)"
Q12164,POM33,EFYYRSAYLGVIESFGIIIYQQFF,"(56, 79)"
Q12164,POM33,KASIKSRVAGLL,"(94, 105)"
Q12164,POM33,SEDVLYLVLANFWLF,"(107, 121)"
Q12164,POM33,LIPFFAFAVFHVLIYVEKVLLPKVF,"(129, 153)"
Q12164,POM33,KDSSKILSFIDKFVVQYNDLCMHWVGTAELLIFILVLFRAILCFQRSWIILVVYAIFIKLRY,"(158, 219)"
Q12164,POM33,KYMKAAFAQWRVRMDGIIS,"(223, 241)"
Q12164,POM33,PFVKRAYNAIKMSLIRLSEY,"(247, 266)"
P71021,divIVA,EDEVNEFLAQVRKDYEIVLRKKTELEAKVNELDERIGHFANIEETLNKSILVAQEAAEDVKRNSQKEAKLIVREAEKNADRIINESLSKSRKIAMEIEELKKQSKVFRTRFQMLIEAQLDLLK,"(22, 144)"
P71021,divIVA,WDHLLEYEVDAV,"(148, 159)"
Q7KLE5,Amph,KSVQKHAGRAKEKILQNL,"(11, 28)"
Q7KLE5,Amph,ADEIFDDHLNNFNRQQASANRLQKEFNNYIRCVRAAQAASKTLMDSVCEIY,"(35, 85)"
Q7KLE5,Amph,YDALQAQT,"(92, 99)"
Q7KLE5,Amph,ESLWADFAHKLGDQVLIPLNTYT,"(103, 125)"
Q7KLE5,Amph,PEMKKKVEKRNRKLIDYDGQRHSFQNLQANANKRKDDVKLTKGREQLEEARRTYEILNTELHD,"(129, 191)"
Q7KLE5,Amph,PALYDSRILFLVTNLQTLFATEQVFHNETAKIYSELEAIVDKLAT,"(194, 238)"
Q7KLE5,Amph,KEDVDE,"(551, 556)"
O35179,Sh3gl2,AGLKKQFHKATQKVSEK,"(4, 20)"
O35179,Sh3gl2,LDDDFKEMERKVDVTSRAVMEIMTKTIEYL,"(29, 58)"
O35179,Sh3gl2,SRAKLSMINTMSKI,"(64, 77)"
O35179,Sh3gl2,PQAEALLAEAMLKFGREL,"(87, 104)"
O35179,Sh3gl2,FGPALGEVGEAMRELSEVKDSLDMEVKQNFIDPLQNL,"(110, 146)"
O35179,Sh3gl2,DKDLREIQHHLKKLEGRRL,"(148, 166)"
O35179,Sh3gl2,FDYKKKR,"(168, 174)"
O35179,Sh3gl2,DEELRQALEKFDESKEIAESSMFNLL,"(180, 205)"
O35179,Sh3gl2,IEQVSQLSALVQAQLEYHKQAVQILQQVTVRLEERIRQA,"(209, 247)"
P11006,magainins,EREVRGIGKFLHSAGKFGKAFVGEIMKSKRDAEAV,"(32, 66)"
P11006,magainins,EREVRGIGKFLHSAKKFGKAFVGEIMN,"(216, 242)"
P11006,magainins,KRDAEAV,"(244, 250)"
P11006,magainins,EREVRGIGKFLHSAKKFGKAFVGEIM,"(262, 287)"
P37817,spoVM,KFLGGIVRAMLGS,"(10, 22)"
Q9Y6I3,EPN1,TSSLRRQMKNIVHNYSEAEIKVREA,"(3, 27)"
Q9Y6I3,EPN1,SSLMSEIADLTYNVVAFSEIMSMIWKRLND,"(37, 66)"
Q9Y6I3,EPN1,WRHVYKAMTLMEYLIKT,"(71, 87)"
Q9Y6I3,EPN1,ERVSQQCKENMYAVQTLKD,"(90, 108)"
Q9Y6I3,EPN1,VREKAKQLVALLRDEDRLREERAHALKTKEKL,"(123, 154)"
Q9Y6I3,EPN1,EELQLQLAL,"(184, 192)"
Q9Y6I3,EPN1,AQLQLAL,"(211, 217)"
Q9Y6I3,EPN1,KEERIR,"(226, 231)"
Q9Y6I3,EPN1,DDLRLQMAIEES,"(234, 245)"
O00499,BIN1,KIASNVQKKLTRAQEKVLQKL,"(13, 33)"
O00499,BIN1,KDEQFEQCVQNFNKQLTEGTRLQKDLRTYLASVKAMHEASKKLNECLQEVY,"(40, 90)"
O00499,BIN1,RDEANKIAENNDLLWMDYHQKLVDQALLTMDTYLGQ,"(97, 132)"
O00499,BIN1,PDIKSRIAKRGRKLVDYDSARHHYESLQTAKKKDEAK,"(134, 170)"
O00499,BIN1,VSLLEKA,"(175, 181)"
O00499,BIN1,QWCQGKLQAHLVAQTNLLRNQAEEELIKAQKVFEEM,"(184, 219)"
O00499,BIN1,VDLQEE,"(221, 226)"
O00499,BIN1,PSLWNSRVGFYVNTFQSIAGLEENFHKEMSKLNQNLNDVLVGLEKQ,"(228, 273)"
Q9UBW5,BIN2,GLFAKQVQKKFSRAQEKVLQKLGKAVETKDERFEQSASNFYQQQAEGHKLYKDLKNFLSAVKVMHESSKRVSETLQEIYS,"(11, 90)"
Q9UBW5,BIN2,HEELKAIVW,"(96, 104)"
Q9UBW5,BIN2,DLLWEDYEEKLADQAVRTMEIYVAQFSEIKERIAKR,"(107, 142)"
Q9UBW5,BIN2,YDSARHHLEAVQNAKKKDEAKTAKAEEEFNKAQTVFEDLNQELLEE,"(149, 194)"
Q9UBW5,BIN2,PILYNSRIGCYVTIFQNISNLRDVFYREMSKLNHNLYEVMSKLEKQ,"(196, 241)"
P84080,ARF1,IFANLFKG,"(4, 11)"
P84080,ARF1,KTTILYKLK,"(30, 38)"
P84080,ARF1,QDKIRPLWRHY,"(71, 81)"
P84080,ARF1,RERVNEAREELMRMLA,"(97, 112)"
P84080,ARF1,AAEITDKL,"(136, 143)"
P84080,ARF1,GLYEGLDWLSNQL,"(165, 177)"
P01501,MELT,LVNVALVFMVVYISYI,"(4, 19)"
P01501,MELT,IGAVLKVLTTGLPALISWIKRKR,"(45, 67)"
B6GZG8,Pc12g09400 (pex11),PALAHWLRFVATTV,"(10, 23)"
B6GZG8,Pc12g09400 (pex11),RDKLLRTIQYFSRFYAWYLYR,"(25, 45)"
B6GZG8,Pc12g09400 (pex11),PYNAVKKQF,"(55, 63)"
B6GZG8,Pc12g09400 (pex11),RKIMRIGKFLEHLKAAAVAF,"(67, 86)"
B6GZG8,Pc12g09400 (pex11),PVLRYLAIGRQLGYAGYLTLDAVTVIDVI,"(94, 122)"
B6GZG8,Pc12g09400 (pex11),KRLQDSAYRSWAAGLIFSTVAGIYTLVRLQEK,"(131, 162)"
B6GZG8,Pc12g09400 (pex11),AKKIEKERSAARIQLISDVCDLAAPLSAV,"(177, 205)"
B6GZG8,Pc12g09400 (pex11),GIVGITGTISSLIGVWSQWR,"(213, 232)"
P22943,HSP12,SQKSYAEQGKEYITDKADKV,"(21, 40)"
P22943,HSP12,KGVFQGVHDSAEKGKDNAE,"(50, 68)"
P22943,HSP12,QGESLADQARDYMGAAKSKLNDAVEYVS,"(70, 97)"
P03588,ORF1a,LLKLIAE,"(7, 13)"
P03588,ORF1a,AQDIVDNQVAQQLSAQIEYAKR,"(21, 42)"
P03588,ORF1a,IEEADAFRDRY,"(54, 64)"
P03588,ORF1a,LAGALRVAE,"(82, 90)"
P03588,ORF1a,AARHEERMCRMRKILQ,"(134, 149)"
P03588,ORF1a,FCLNRAQ,"(160, 166)"
P03588,ORF1a,FQGLCDAMHS,"(186, 195)"
P03588,ORF1a,LPLLKC,"(219, 224)"
P03588,ORF1a,YLLEREMLK,"(272, 280)"
P03588,ORF1a,TYKIIA,"(285, 290)"
P03588,ORF1a,WFEDISKYV,"(305, 313)"
P03588,ORF1a,VREVEEIAFRCFK,"(336, 348)"
P03588,ORF1a,KEWTENMKAVASILS,"(351, 365)"
P03588,ORF1a,DYHLVAFALTLNLYQKYEKLTA,"(388, 409)"
P03588,ORF1a,SRAKVGWLRTLASR,"(434, 447)"
P03588,ORF1a,YADSFKFLTRL,"(456, 466)"
P03588,ORF1a,EDLFDRLEHEV,"(489, 499)"
P03588,ORF1a,GAMKEFVRYCKRLH,"(567, 580)"
P03588,ORF1a,NLRHLWD,"(586, 592)"
P03588,ORF1a,EIANKSIFETY,"(600, 610)"
P03588,ORF1a,IDDMVNVH,"(613, 620)"
P03588,ORF1a,LRDIAEASA,"(663, 671)"
P03588,ORF1a,KTTAIKDAFR,"(691, 700)"
P03588,ORF1a,AEDVRMAL,"(714, 721)"
P03588,ORF1a,KVALDVVRTADSAIM,"(729, 743)"
P03588,ORF1a,HYGQLLVVAAL,"(761, 771)"
P03588,ORF1a,EQISFKS,"(784, 790)"
P03588,ORF1a,PQDVIAAVNLLKRKC,"(817, 831)"
P03588,ORF1a,QADKAALQTRAK,"(875, 886)"
P03588,ORF1a,KDWIDGHIKTVHEA,"(892, 905)"
P03588,ORF1a,GDLIFNCVK,"(953, 961)"
Q9VC57,atl,EDALSEVL,"(21, 28)"
Q9VC57,atl,KSFLLDFFLRYMYSKY,"(51, 66)"
Q9VC57,atl,TVRDCATVFALSTMLSSVQIYNL,"(131, 153)"
Q9VC57,atl,EDDLQHLQLFTEYGRLALAD,"(159, 178)"
Q9VC57,atl,PFQRLQFLV,"(183, 191)"
Q9VC57,atl,KILKRR,"(209, 214)"
Q9VC57,atl,PELQSLRRHISSCFTEVACFL,"(223, 243)"
Q9VC57,atl,PEFKSSLRSLVPMLL,"(266, 280)"
Q9VC57,atl,ARDLIQYFQSYMNIY,"(297, 311)"
Q9VC57,atl,HLTAVAAAKELYGQLMEEVC,"(331, 350)"
Q9VC57,atl,TAHLQTEHL,"(359, 367)"
Q9VC57,atl,KALFQFAAK,"(372, 380)"
Q9VC57,atl,EEFTEKFRKQLEDDLEEVFTNYQAHNES,"(386, 413)"
Q9VC57,atl,PAVYFACAVIMYILSGIFGLVGLYTFANFCNLVMGVALLTLALWAYIRYS,"(423, 472)"
Q9VC57,atl,KLDDFATLLWEKFMRPIYHGCME,"(481, 503)"
Q12402,yop1,NRILQQLE,"(22, 29)"
Q12402,yop1,KSYLVAGLGFAYLLLIFIN,"(36, 54)"
Q12402,yop1,VGEILSNFAGFVLPAYLSLVAL,"(58, 79)"
Q12402,yop1,DTQLLTYWIVFSFLSVIEFWSKAILYLIPFYWFLKTVFLIYIA,"(87, 129)"
Q12402,yop1,ARMIYQKIVAPLT,"(136, 148)"
Q12402,yop1,KTEKDEIRASVNEASK,"(158, 173)"
O04616,CURT1A,TNELITDLKEKWD,"(73, 85)"
O04616,CURT1A,IYGGGAIVAVWLSSIVVGAIN,"(95, 115)"
O04616,CURT1A,LPKVMELVGLGYTGWFVYRYLL,"(120, 141)"
O04616,CURT1A,RKELAEDIESLKKKI,"(146, 160)"
Q503I3,pip5k1a ,PIAFRYFREMF,"(121, 131)"
Q503I3,pip5k1a ,PDDYLYSL,"(135, 142)"
Q503I3,pip5k1a ,HKEAEFLQTL,"(175, 184)"
Q503I3,pip5k1a ,QNMRTL,"(194, 199)"
Q503I3,pip5k1a ,HYTALSRTMQRDCRVLQS,"(277, 294)"
Q503I3,pip5k1a ,YSLLVGI,"(300, 306)"
Q503I3,pip5k1a ,IIDILQSYRLVKKLEHSWKAL,"(376, 396)"
Q503I3,pip5k1a ,FYADRFQKFMCST,"(410, 422)"
Q04359,SPO20,DRLHVKLKSLRNKIHK,"(61, 76)"
Q04359,SPO20,EIVDRLRSEIRST,"(169, 181)"
Q04359,SPO20,RTLEKAIEARCTGKRVLQQLSCQSNQLTKIESNCDMLKIQSNVADRKIDELAHENRSLLA,"(191, 250)"
Q04359,SPO20,RKKREREKRDQIYNLKLKHRHLQQETMKRAQDSDKNLAINLSSEYGR,"(258, 304)"
Q04359,SPO20,GVERQRILRDAQKYQFEADEEDNQMEIDLYGNLEQIKAVSGDLKIMAHAFGREFEAQNTRMFDIENNVQQADNALQAKRYRLEKVI,"(308, 393)"
